{"playerPosition":{"x":6.928875923156738,"y":-2.9465394020080568,"z":0.0},"currentScene":"Test1"}