{"playerPosition":{"x":-12.73646354675293,"y":-2.2100000381469728,"z":0.0},"currentScene":"Làng"}