{"playerPosition":{"x":-10.620794296264649,"y":-2.2100000381469728,"z":0.0},"currentScene":"Làng"}