{"playerPosition":{"x":7.13627290725708,"y":-2.2546608448028566,"z":0.0},"currentScene":"Làng"}