{"playerPosition":{"x":-10.004566192626954,"y":-2.3524386882781984,"z":0.0},"currentScene":"Làng"}