{"playerPosition":{"x":-10.011222839355469,"y":-2.2100000381469728,"z":0.0},"currentScene":"Làng"}