{"playerPosition":{"x":7.1059417724609379,"y":-2.2100000381469728,"z":0.0},"currentScene":"Làng"}