{"playerPosition":{"x":-9.63427448272705,"y":-2.2100000381469728,"z":0.0},"currentScene":"Làng"}