{"playerPosition":{"x":-10.033435821533204,"y":-2.2100000381469728,"z":0.0},"currentScene":"Làng"}