{
    "ResolutionIndex": 16,
    "QualityIndex": 2,
    "FullScreen": true,
    "BackgroundMusicVolume": 0.11189413070678711,
    "SFXVolume": 0.4780130386352539
}