{
    "ResolutionIndex": 16,
    "QualityIndex": 2,
    "FullScreen": true,
    "BackgroundMusicVolume": 0.11904144287109375,
    "SFXVolume": 0.1928284615278244
}