{
    "ResolutionIndex": 16,
    "QualityIndex": 2,
    "FullScreen": true,
    "BackgroundMusicVolume": 0.6079142093658447,
    "SFXVolume": 0.5290347337722778
}