{
    "ResolutionIndex": 16,
    "QualityIndex": 2,
    "FullScreen": true,
    "BackgroundMusicVolume": 0.3504285216331482,
    "SFXVolume": 0.4780130386352539
}