{
    "ResolutionIndex": 16,
    "QualityIndex": 2,
    "FullScreen": true,
    "BackgroundMusicVolume": 0.782231867313385,
    "SFXVolume": 0.6743367314338684
}