{
    "ResolutionIndex": 16,
    "QualityIndex": 2,
    "FullScreen": true,
    "BackgroundMusicVolume": 0.2868068814277649,
    "SFXVolume": 0.6743367314338684
}