{
    "ResolutionIndex": 16,
    "QualityIndex": 2,
    "FullScreen": true,
    "BackgroundMusicVolume": 0.44708332419395449,
    "SFXVolume": 0.6245668530464172
}