{"playerPosition":{"x":-17.899959564208986,"y":-8.315225601196289,"z":0.0},"currentScene":"TestSaveGame"}